date	id	answer
2021-06-19	1	cigar
2021-06-20	2	rebut
2021-06-21	3	sissy
2021-06-22	4	humph
2021-06-23	5	awake
2021-06-24	6	blush
2021-06-25	7	focal
2021-06-26	8	evade
2021-06-27	9	naval
2021-06-28	10	serve
2021-06-29	11	heath
2021-06-30	12	dwarf
2021-07-01	13	model
2021-07-02	14	karma
2021-07-03	15	stink
2021-07-04	16	grade
2021-07-05	17	quiet
2021-07-06	18	bench
2021-07-07	19	abate
2021-07-08	20	feign
2021-07-09	21	major
2021-07-10	22	death
2021-07-11	23	fresh
2021-07-12	24	crust
2021-07-13	25	stool
2021-07-14	26	colon
2021-07-15	27	abase
2021-07-16	28	marry
2021-07-17	29	react
2021-07-18	30	batty
2021-07-19	31	pride
2021-07-20	32	floss
2021-07-21	33	helix
2021-07-22	34	croak
2021-07-23	35	staff
2021-07-24	36	paper
2021-07-25	37	unfed
2021-07-26	38	whelp
2021-07-27	39	trawl
2021-07-28	40	outdo
2021-07-29	41	adobe
2021-07-30	42	crazy
2021-07-31	43	sower
2021-08-01	44	repay
2021-08-02	45	digit
2021-08-03	46	crate
2021-08-04	47	cluck
2021-08-05	48	spike
2021-08-06	49	mimic
2021-08-07	50	pound
2021-08-08	51	maxim
2021-08-09	52	linen
2021-08-10	53	unmet
2021-08-11	54	flesh
2021-08-12	55	booby
2021-08-13	56	forth
2021-08-14	57	first
2021-08-15	58	stand
2021-08-16	59	belly
2021-08-17	60	ivory
2021-08-18	61	seedy
2021-08-19	62	print
2021-08-20	63	yearn
2021-08-21	64	drain
2021-08-22	65	bribe
2021-08-23	66	stout
2021-08-24	67	panel
2021-08-25	68	crass
2021-08-26	69	flume
2021-08-27	70	offal
2021-08-28	71	agree
2021-08-29	72	error
2021-08-30	73	swirl
2021-08-31	74	argue
2021-09-01	75	bleed
2021-09-02	76	delta
2021-09-03	77	flick
2021-09-04	78	totem
2021-09-05	79	wooer
2021-09-06	80	front
2021-09-07	81	shrub
2021-09-08	82	parry
2021-09-09	83	biome
2021-09-10	84	lapel
2021-09-11	85	start
2021-09-12	86	greet
2021-09-13	87	goner
2021-09-14	88	golem
2021-09-15	89	lusty
2021-09-16	90	loopy
2021-09-17	91	round
2021-09-18	92	audit
2021-09-19	93	lying
2021-09-20	94	gamma
2021-09-21	95	labor
2021-09-22	96	islet
2021-09-23	97	civic
2021-09-24	98	forge
2021-09-25	99	corny
2021-09-26	100	moult
2021-09-27	101	basic
2021-09-28	102	salad
2021-09-29	103	agate
2021-09-30	104	spicy
2021-10-01	105	spray
2021-10-02	106	essay
2021-10-03	107	fjord
2021-10-04	108	spend
2021-10-05	109	kebab
2021-10-06	110	guild
2021-10-07	111	aback
2021-10-08	112	motor
2021-10-09	113	alone
2021-10-10	114	hatch
2021-10-11	115	hyper
2021-10-12	116	thumb
2021-10-13	117	dowry
2021-10-14	118	ought
2021-10-15	119	belch
2021-10-16	120	dutch
2021-10-17	121	pilot
2021-10-18	122	tweed
2021-10-19	123	comet
2021-10-20	124	jaunt
2021-10-21	125	enema
2021-10-22	126	steed
2021-10-23	127	abyss
2021-10-24	128	growl
2021-10-25	129	fling
2021-10-26	130	dozen
2021-10-27	131	boozy
2021-10-28	132	erode
2021-10-29	133	world
2021-10-30	134	gouge
2021-10-31	135	click
2021-11-01	136	briar
2021-11-02	137	great
2021-11-03	138	altar
2021-11-04	139	pulpy
2021-11-05	140	blurt
2021-11-06	141	coast
2021-11-07	142	duchy
2021-11-08	143	groin
2021-11-09	144	fixer
2021-11-10	145	group
2021-11-11	146	rogue
2021-11-12	147	badly
2021-11-13	148	smart
2021-11-14	149	pithy
2021-11-15	150	gaudy
2021-11-16	151	chill
2021-11-17	152	heron
2021-11-18	153	vodka
2021-11-19	154	finer
2021-11-20	155	surer
2021-11-21	156	radio
2021-11-22	157	rouge
2021-11-23	158	perch
2021-11-24	159	retch
2021-11-25	160	wrote
2021-11-26	161	clock
2021-11-27	162	tilde
2021-11-28	163	store
2021-11-29	164	prove
2021-11-30	165	bring
2021-12-01	166	solve
2021-12-02	167	cheat
2021-12-03	168	grime
2021-12-04	169	exult
2021-12-05	170	usher
2021-12-06	171	epoch
2021-12-07	172	triad
2021-12-08	173	break
2021-12-09	174	rhino
2021-12-10	175	viral
2021-12-11	176	conic
2021-12-12	177	masse
2021-12-13	178	sonic
2021-12-14	179	vital
2021-12-15	180	trace
2021-12-16	181	using
2021-12-17	182	peach
2021-12-18	183	champ
2021-12-19	184	baton
2021-12-20	185	brake
2021-12-21	186	pluck
2021-12-22	187	craze
2021-12-23	188	gripe
2021-12-24	189	weary
2021-12-25	190	picky
2021-12-26	191	acute
2021-12-27	192	ferry
2021-12-28	193	aside
2021-12-29	194	tapir
2021-12-30	195	troll
2021-12-31	196	unify
2022-01-01	197	rebus
2022-01-02	198	boost
2022-01-03	199	truss
2022-01-04	200	siege
2022-01-05	201	tiger
2022-01-06	202	banal
2022-01-07	203	slump
2022-01-08	204	crank
2022-01-09	205	gorge
2022-01-10	206	query
2022-01-11	207	drink
2022-01-12	208	favor
2022-01-13	209	abbey
2022-01-14	210	tangy
2022-01-15	211	panic
2022-01-16	212	solar
2022-01-17	213	shire
2022-01-18	214	proxy
2022-01-19	215	point
2022-01-20	216	robot
2022-01-21	217	prick
2022-01-22	218	wince
2022-01-23	219	crimp
2022-01-24	220	knoll
2022-01-25	221	sugar
2022-01-26	222	whack
2022-01-27	223	mount
2022-01-28	224	perky
2022-01-29	225	could
2022-01-30	226	wrung
2022-01-31	227	light
2022-02-01	228	those
2022-02-02	229	moist
2022-02-03	230	shard
2022-02-04	231	pleat
2022-02-05	232	aloft
2022-02-06	233	skill
2022-02-07	234	elder
2022-02-08	235	frame
2022-02-09	236	humor
2022-02-10	237	pause
2022-02-11	238	ulcer
2022-02-12	239	ultra
2022-02-13	240	robin
2022-02-14	241	cynic
2022-02-15	242	aroma
2022-02-16	243	caulk
2022-02-17	244	shake
2022-02-18	245	dodge
2022-02-19	246	swill
2022-02-20	247	tacit
2022-02-21	248	other
2022-02-22	249	thorn
2022-02-23	250	trove
2022-02-24	251	bloke
2022-02-25	252	vivid
2022-02-26	253	spill
2022-02-27	254	chant
2022-02-28	255	choke
2022-03-01	256	rupee
2022-03-02	257	nasty
2022-03-03	258	mourn
2022-03-04	259	ahead
2022-03-05	260	brine
2022-03-06	261	cloth
2022-03-07	262	hoard
2022-03-08	263	sweet
2022-03-09	264	month
2022-03-10	265	lapse
2022-03-11	266	watch
2022-03-12	267	today
2022-03-13	268	focus
2022-03-14	269	smelt
2022-03-15	270	tease
2022-03-16	271	cater
2022-03-17	272	movie
2022-03-18	273	saute
2022-03-19	274	allow
2022-03-20	275	renew
2022-03-21	276	their
2022-03-22	277	slosh
2022-03-23	278	purge
2022-03-24	279	chest
2022-03-25	280	depot
2022-03-26	281	epoxy
2022-03-27	282	nymph
2022-03-28	283	found
2022-03-29	284	shall
2022-03-30	285	stove
2022-03-31	286	lowly
2022-04-01	287	snout
2022-04-02	288	trope
2022-04-03	289	fewer
2022-04-04	290	shawl
2022-04-05	291	natal
2022-04-06	292	comma
2022-04-07	293	foray
2022-04-08	294	scare
2022-04-09	295	stair
2022-04-10	296	black
2022-04-11	297	squad
2022-04-12	298	royal
2022-04-13	299	chunk
2022-04-14	300	mince
2022-04-15	301	shame
2022-04-16	302	cheek
2022-04-17	303	ample
2022-04-18	304	flair
2022-04-19	305	foyer
2022-04-20	306	cargo
2022-04-21	307	oxide
2022-04-22	308	plant
2022-04-23	309	olive
2022-04-24	310	inert
2022-04-25	311	askew
2022-04-26	312	heist
2022-04-27	313	shown
2022-04-28	314	zesty
2022-04-29	315	trash
2022-04-30	316	larva
2022-05-01	317	forgo
2022-05-02	318	story
2022-05-03	319	hairy
2022-05-04	320	train
2022-05-05	321	homer
2022-05-06	322	badge
2022-05-07	323	midst
2022-05-08	324	canny
2022-05-09	325	shine
2022-05-10	326	gecko
2022-05-11	327	farce
2022-05-12	328	slung
2022-05-13	329	tipsy
2022-05-14	330	metal
2022-05-15	331	yield
2022-05-16	332	delve
2022-05-17	333	being
2022-05-18	334	scour
2022-05-19	335	glass
2022-05-20	336	gamer
2022-05-21	337	scrap
2022-05-22	338	money
2022-05-23	339	hinge
2022-05-24	340	album
2022-05-25	341	vouch
2022-05-26	342	asset
2022-05-27	343	tiara
2022-05-28	344	crept
2022-05-29	345	bayou
2022-05-30	346	atoll
2022-05-31	347	manor
2022-06-01	348	creak
2022-06-02	349	showy
2022-06-03	350	phase
2022-06-04	351	froth
2022-06-05	352	depth
2022-06-06	353	gloom
2022-06-07	354	flood
2022-06-08	355	trait
2022-06-09	356	girth
2022-06-10	357	piety
2022-06-11	358	goose
2022-06-12	359	float
2022-06-13	360	donor
2022-06-14	361	atone
2022-06-15	362	primo
2022-06-16	363	apron
2022-06-17	364	blown
2022-06-18	365	cacao
2022-06-19	366	loser
2022-06-20	367	input
2022-06-21	368	gloat
2022-06-22	369	awful
2022-06-23	370	brink
2022-06-24	371	smite
2022-06-25	372	beady
2022-06-26	373	rusty
2022-06-27	374	retro
2022-06-28	375	droll
2022-06-29	376	gawky
2022-06-30	377	hutch
2022-07-01	378	pinto
2022-07-02	379	egret
2022-07-03	380	lilac
2022-07-04	381	sever
2022-07-05	382	field
2022-07-06	383	fluff
2022-07-07	384	agape
2022-07-08	385	voice
2022-07-09	386	stead
2022-07-10	387	berth
2022-07-11	388	madam
2022-07-12	389	night
2022-07-13	390	bland
2022-07-14	391	liver
2022-07-15	392	wedge
2022-07-16	393	roomy
2022-07-17	394	wacky
2022-07-18	395	flock
2022-07-19	396	angry
2022-07-20	397	trite
2022-07-21	398	aphid
2022-07-22	399	tryst
2022-07-23	400	midge
2022-07-24	401	power
2022-07-25	402	elope
2022-07-26	403	cinch
2022-07-27	404	motto
2022-07-28	405	stomp
2022-07-29	406	upset
2022-07-30	407	bluff
2022-07-31	408	cramp
2022-08-01	409	quart
2022-08-02	410	coyly
2022-08-03	411	youth
2022-08-04	412	rhyme
2022-08-05	413	buggy
2022-08-06	414	alien
2022-08-07	415	smear
2022-08-08	416	unfit
2022-08-09	417	patty
2022-08-10	418	cling
2022-08-11	419	glean
2022-08-12	420	label
2022-08-13	421	hunky
2022-08-14	422	khaki
2022-08-15	423	poker
2022-08-16	424	gruel
2022-08-17	425	twice
2022-08-18	426	twang
2022-08-19	427	shrug
2022-08-20	428	treat
2022-08-21	429	waste
2022-08-22	430	merit
2022-08-23	431	woven
2022-08-24	432	needy
2022-08-25	433	clown
2022-08-26	434	irony
2022-08-27	435	ruder
2022-08-28	436	gauze
2022-08-29	437	chief
2022-08-30	438	onset
2022-08-31	439	prize
2022-09-01	440	fungi
2022-09-02	441	charm
2022-09-03	442	gully
2022-09-04	443	inter
2022-09-05	444	whoop
2022-09-06	445	taunt
2022-09-07	446	leery
2022-09-08	447	class
2022-09-09	448	theme
2022-09-10	449	lofty
2022-09-11	450	tibia
2022-09-12	451	booze
2022-09-13	452	alpha
2022-09-14	453	thyme
2022-09-15	454	doubt
2022-09-16	455	parer
2022-09-17	456	chute
2022-09-18	457	stick
2022-09-19	458	trice
2022-09-20	459	alike
2022-09-21	460	recap
2022-09-22	461	saint
2022-09-23	462	glory
2022-09-24	463	grate
2022-09-25	464	admit
2022-09-26	465	brisk
2022-09-27	466	soggy
2022-09-28	467	usurp
2022-09-29	468	scald
2022-09-30	469	scorn
2022-10-01	470	leave
2022-10-02	471	twine
2022-10-03	472	sting
2022-10-04	473	bough
2022-10-05	474	marsh
2022-10-06	475	sloth
2022-10-07	476	dandy
2022-10-08	477	vigor
2022-10-09	478	howdy
2022-10-10	479	enjoy
2022-10-11	480	valid
2022-10-12	481	ionic
2022-10-13	482	equal
2022-10-14	483	floor
2022-10-15	484	catch
2022-10-16	485	spade
2022-10-17	486	stein
2022-10-18	487	exist
2022-10-19	488	quirk
2022-10-20	489	denim
2022-10-21	490	grove
2022-10-22	491	spiel
2022-10-23	492	mummy
2022-10-24	493	fault
2022-10-25	494	foggy
2022-10-26	495	flout
2022-10-27	496	carry
2022-10-28	497	sneak
2022-10-29	498	libel
2022-10-30	499	waltz
2022-10-31	500	aptly
2022-11-01	501	piney
2022-11-02	502	inept
2022-11-03	503	aloud
2022-11-04	504	photo
2022-11-05	505	dream
2022-11-06	506	stale
2022-11-07	1623	begin
2022-11-08	514	spell
2022-11-09	530	rainy
2022-11-10	507	unite
2022-11-11	1249	medal
2022-11-12	537	valet
2022-11-13	523	inane
2022-11-14	1255	maple
2022-11-15	508	snarl
2022-11-16	509	baker
2022-11-17	510	there
2022-11-18	511	glyph
2022-11-19	539	avert
2022-11-20	969	brave
2022-11-21	1685	axiom
2022-11-22	929	prime
2022-11-23	2166	drive
2022-11-24	1438	feast
2022-11-25	1680	itchy
2022-11-26	736	clean
2022-11-27	2180	happy
2022-11-28	2268	tepid
2022-11-29	559	undue
2022-11-30	552	study
2022-12-01	2276	eject
2022-12-02	1311	chafe
2022-12-03	2265	torso
2022-12-04	1106	adore
2022-12-05	849	woken
2022-12-06	2008	amber
2022-12-07	1246	joust
2022-12-08	1149	infer
2022-12-09	840	braid
2022-12-10	2256	knock
2022-12-11	923	naive
2022-12-12	1168	apply
2022-12-13	895	spoke
2022-12-14	621	usual
2022-12-15	2278	rival
2022-12-16	1591	probe
2022-12-17	801	chord
2022-12-18	962	taper
2022-12-19	853	slate
2022-12-20	1045	third
2022-12-21	694	lunar
2022-12-22	952	excel
2022-12-23	2281	aorta
2022-12-24	1155	poise
2022-12-25	2257	extra
2022-12-26	2283	judge
2022-12-27	2258	condo
2022-12-28	2208	impel
2022-12-29	1279	havoc
2022-12-30	771	molar
2022-12-31	2251	manly
2023-01-01	2191	whine
2023-01-02	2263	skirt
2023-01-03	2117	antic
2023-01-04	818	layer
2023-01-05	2269	sleek
2023-01-06	1847	belie
2023-01-07	2110	lemon
2023-01-08	1969	opera
2023-01-09	1132	pixie
2023-01-10	2026	grimy
2023-01-11	560	sedan
2023-01-12	1836	leapt
2023-01-13	570	human
2023-01-14	1343	koala
2023-01-15	1277	spire
2023-01-16	1062	frock
2023-01-17	965	adopt
2023-01-18	1686	chard
2023-01-19	1332	mucky
2023-01-20	1483	alter
2023-01-21	1049	blurb
2023-01-22	825	matey
2023-01-23	713	elude
2023-01-24	546	count
2023-01-25	1517	maize
2023-01-26	1384	beefy
2023-01-27	1074	worry
2023-01-28	1211	flirt
2023-01-29	1159	fishy
2023-01-30	525	crave
2023-01-31	1007	cross
2023-02-01	1502	scold
2023-02-02	1182	shirk
2023-02-03	1075	tasty
2023-02-04	2301	unlit
2023-02-05	1556	dance
2023-02-06	1245	ninth
2023-02-07	590	apple
2023-02-08	1927	flail
2023-02-09	730	stage
2023-02-10	1129	heady
2023-02-11	1873	debug
2023-02-12	1717	giant
2023-02-13	1154	usage
2023-02-14	838	sound
2023-02-15	1584	salsa
2023-02-16	776	magic
2023-02-17	1312	cache
2023-02-18	1207	avail
2023-02-19	815	kiosk
2023-02-20	1104	sweat
2023-02-21	1439	ruddy
2023-02-22	1528	riper
2023-02-23	1881	vague
2023-02-24	805	arbor
2023-02-25	1715	fifty
2023-02-26	1462	syrup
2023-02-27	1805	worse
2023-02-28	2261	polka
2023-03-01	2116	moose
2023-03-02	1852	above
2023-03-03	1240	squat
2023-03-04	1834	trend
2023-03-05	1795	toxic
2023-03-06	1879	pinky
2023-03-07	1977	horse
2023-03-08	975	regal
2023-03-09	1052	where
2023-03-10	1867	revel
2023-03-11	2168	email
2023-03-12	1754	birth
2023-03-13	2239	blame
2023-03-14	1718	surly
2023-03-15	883	sweep
2023-03-16	1342	cider
2023-03-17	1922	mealy
2023-03-18	2022	yacht
2023-03-19	1172	credo
2023-03-20	839	glove
2023-03-21	566	tough
2023-03-22	1344	duvet
2023-03-23	2221	staid
2023-03-24	1471	grout
2023-03-25	1738	voter
2023-03-26	2279	untie
2023-03-27	2312	guano
2023-03-28	2104	hurry
2023-03-29	773	beset
2023-03-30	1002	bread
2023-03-31	977	every
2023-04-01	803	march
2023-04-02	1305	stock
2023-04-03	1412	flora
2023-04-04	1809	ratio
2023-04-05	1229	smash
2023-04-06	887	leafy
2023-04-07	1307	locus
2023-04-08	1895	ledge
2023-04-09	2317	snafu
2023-04-10	1648	under
2023-04-11	726	qualm
2023-04-12	699	borax
2023-04-13	2010	carat
2023-04-14	1271	thief
2023-04-15	1025	agony
2023-04-16	852	dwelt
2023-04-17	1522	whiff
2023-04-18	2233	hound
2023-04-19	798	thump
2023-04-20	1216	plate
2023-04-21	2075	kayak
2023-04-22	1782	broke
2023-04-23	955	unzip
2023-04-24	618	ditto
2023-04-25	875	joker
2023-04-26	2081	metro
2023-04-27	1316	logic
2023-04-28	1978	circa
2023-04-29	1297	cedar
2023-04-30	1894	plaza
2023-05-01	785	range
2023-05-02	1333	sulky
2023-05-03	1300	horde
2023-05-04	2121	guppy
2023-05-05	1389	below
2023-05-06	2165	anger
2023-05-07	1663	ghoul
2023-05-08	1265	aglow
2023-05-09	1530	cocoa
2023-05-10	1660	ethic
2023-05-11	1476	broom
2023-05-12	1858	snack
2023-05-13	1128	acrid
2023-05-14	1441	scarf
2023-05-15	567	canoe
2023-05-16	2142	latte
2023-05-17	1636	plank
2023-05-18	2106	shorn
2023-05-19	1050	grief
2023-05-20	2038	flask
2023-05-21	1392	brash
2023-05-22	1450	igloo
2023-05-23	1657	clerk
2023-05-24	1493	utter
2023-05-25	1682	bagel
2023-05-26	562	swine
2023-05-27	1146	ramen
2023-05-28	528	skimp
2023-05-29	1331	mouse
2023-05-30	755	kneel
2023-05-31	1222	agile
2023-06-01	1714	jazzy
2023-06-02	657	humid
2023-06-03	613	nanny
2023-06-04	1491	beast
2023-06-05	817	ennui
2023-06-06	1877	scout
2023-06-07	682	hater
2023-06-08	1459	crumb
2023-06-09	2310	balsa
2023-06-10	1480	again
2023-06-11	2246	guard
2023-06-12	1536	wrong
2023-06-13	1218	plunk
2023-06-14	1875	crime
2023-06-15	1823	maybe
2023-06-16	1117	strap
2023-06-17	2108	ranch
2023-06-18	1268	shyly
2023-06-19	2313	kazoo
2023-06-20	1888	frost
2023-06-21	1704	crane
2023-06-22	1694	taste
2023-06-23	569	covet
2023-06-24	2083	grand
2023-06-25	2245	rodeo
2023-06-26	976	guest
2023-06-27	703	about
2023-06-28	1992	tract
2023-06-29	633	diner
2023-06-30	1041	straw
2023-07-01	2171	bleep
2023-07-02	2220	mossy
2023-07-03	1546	hotel
2023-07-04	847	irate
2023-07-05	674	venom
2023-07-06	1447	windy
2023-07-07	988	donut
2023-07-08	1931	cower
2023-07-09	963	enter
2023-07-10	515	folly
2023-07-11	959	earth
2023-07-12	2162	whirl
2023-07-13	824	barge
2023-07-14	1315	fiend
2023-07-15	2218	crone
2023-07-16	1194	topaz
2023-07-17	1215	droop
2023-07-18	765	flyer
2023-07-19	1948	tonic
2023-07-20	1252	flank
2023-07-21	1378	burly
2023-07-22	2113	froze
2023-07-23	1454	whale
2023-07-24	1490	hobby
2023-07-25	1190	wheel
2023-07-26	631	heart
2023-07-27	1051	disco
2023-07-28	1486	ethos
2023-07-29	1296	curly
2023-07-30	926	bathe
2023-07-31	2115	style
2023-08-01	2056	tenth
2023-08-02	1189	beget
2023-08-03	1091	party
2023-08-04	1784	chart
2023-08-05	1874	anode
2023-08-06	958	polyp
2023-08-07	1713	brook
2023-08-08	1199	bully
2023-08-09	553	lover
2023-08-10	1354	empty
2023-08-11	2252	hello
2023-08-12	578	quick
2023-08-13	1914	wrath
2023-08-14	1241	snaky
2023-08-15	723	index
2023-08-16	992	scrub
2023-08-17	1837	amiss
2023-08-18	2128	exact
2023-08-19	2154	magma
2023-08-20	1674	quest
2023-08-21	1054	beach
2023-08-22	1398	spice
2023-08-23	792	verve
2023-08-24	1786	wordy
2023-08-25	845	ocean
2023-08-26	893	choir
2023-08-27	2272	peace
2023-08-28	668	write
2023-08-29	1201	caper
2023-08-30	1564	audio
2023-08-31	1487	bride
2023-09-01	1206	space
2023-09-02	635	onion
2023-09-03	2209	await
2023-09-04	1954	giddy
2023-09-05	688	birch
2023-09-06	2097	gnash
2023-09-07	1224	dwell
2023-09-08	862	rouse
2023-09-09	689	lucky
2023-09-10	1958	quote
2023-09-11	1668	older
2023-09-12	786	whisk
2023-09-13	1338	clear
2023-09-14	2262	rayon
2023-09-15	1983	exert
2023-09-16	1819	angel
2023-09-17	2169	music
2023-09-18	1995	frank
2023-09-19	2055	close
2023-09-20	696	snare
2023-09-21	1885	stone
2023-09-22	1703	brush
2023-09-23	1366	carol
2023-09-24	2001	right
2023-09-25	1274	rocky
2023-09-26	1210	loyal
2023-09-27	641	smile
2023-09-28	601	coach
2023-09-29	835	azure
2023-09-30	533	daddy
2023-10-01	1963	beret
2023-10-02	1926	merry
2023-10-03	1166	while
2023-10-04	1569	spurt
2023-10-05	2144	bunch
2023-10-06	2133	chime
2023-10-07	1039	viola
2023-10-08	1833	binge
2023-10-09	2129	truth
2023-10-10	745	snail
2023-10-11	1339	skunk
2023-10-12	1870	knelt
2023-10-13	1284	uncle
2023-10-14	1599	agent
2023-10-15	584	leaky
2023-10-16	1755	graph
2023-10-17	2282	adult
2023-10-18	2267	mercy
2023-10-19	764	splat
2023-10-20	2087	occur
2023-10-21	1535	smirk
2023-10-22	580	given
2023-10-23	1214	tempo
2023-10-24	1263	cause
2023-10-25	1417	retry
2023-10-26	532	pique
2023-10-27	1485	noble
2023-10-28	767	mason
2023-10-29	1405	phony
2023-10-30	2059	grail
2023-10-31	1294	bleak
2023-11-01	1964	noise
2023-11-02	961	until
2023-11-03	612	ardor
2023-11-04	683	mania
2023-11-05	1972	flare
2023-11-06	1077	trade
2023-11-07	1630	limit
2023-11-08	625	ninja
2023-11-09	2072	glaze
2023-11-10	1554	leash
2023-11-11	1649	actor
2023-11-12	906	meant
2023-11-13	1698	green
2023-11-14	1053	sassy
2023-11-15	1781	sight
2023-11-16	2003	trust
2023-11-17	1107	tardy
2023-11-18	1808	think
2023-11-19	774	queue
2023-11-20	800	candy
2023-11-21	1140	piano
2023-11-22	1544	pixel
2023-11-23	956	queen
2023-11-24	1608	throw
2023-11-25	1645	guide
2023-11-26	855	solid
2023-11-27	1436	tawny
2023-11-28	841	scope
2023-11-29	793	sushi
2023-11-30	1541	resin
2023-12-01	1731	taken
2023-12-02	543	genre
2023-12-03	2259	adapt
2023-12-04	882	worst
2023-12-05	1113	young
2023-12-06	2156	woman
2023-12-07	611	sleep
2023-12-08	1401	sharp
2023-12-09	1175	shift
2023-12-10	2088	chain
2023-12-11	698	house
2023-12-12	1494	these
2023-12-13	1525	spent
2023-12-14	1021	would
2023-12-15	1701	topic
2023-12-16	860	globe
2023-12-17	1900	bacon
2023-12-18	556	funny
2023-12-19	1534	table
2023-12-20	1724	small
2023-12-21	648	built
2023-12-22	1092	touch
2023-12-23	1291	slope
2023-12-24	617	grace
2023-12-25	642	evoke
2023-12-26	1814	phone
2023-12-27	912	daisy
2023-12-28	1253	learn
2023-12-29	964	child
2023-12-30	1179	three
2023-12-31	1563	salty
2024-01-01	1705	mural
2024-01-02	536	aging
2024-01-03	781	twirl
2024-01-04	1855	scant
2024-01-05	1205	lunge
2024-01-06	1901	cable
2024-01-07	953	stony
2024-01-08	593	final
2024-01-09	1561	liner
2024-01-10	520	threw
2024-01-11	1328	brief
2024-01-12	1400	route
2024-01-13	1818	heard
2024-01-14	768	doing
2024-01-15	572	lunch
2024-01-16	816	blond
2024-01-17	1815	court
2024-01-18	1193	stole
2024-01-19	2102	thing
2024-01-20	1023	large
2024-01-21	1853	north
2024-01-22	1896	tweak
2024-01-23	677	still
2024-01-24	2183	relic
2024-01-25	905	block
2024-01-26	1780	aloof
2024-01-27	1565	snake
2024-01-28	1351	ember
2024-01-29	1934	leggy
2024-01-30	1849	expel
2024-01-31	1975	bulky
2024-02-01	867	alive
2024-02-02	1887	cleft
2024-02-03	1250	micro
2024-02-04	1637	verge
2024-02-05	2145	repel
2024-02-06	1017	which
2024-02-07	1349	after
2024-02-08	719	place
2024-02-09	1893	stiff
2024-02-10	2023	fried
2024-02-11	1329	never
2024-02-12	1776	pasta
2024-02-13	2250	scram
2024-02-14	1868	talon
2024-02-15	1032	ascot
2024-02-16	2201	stash
2024-02-17	1148	psalm
2024-02-18	738	ridge
2024-02-19	604	price
2024-02-20	2266	match
2024-02-21	1139	build
2024-02-22	1513	heavy
2024-02-23	1666	apart
2024-02-24	1500	piper
2024-02-25	2065	smith
2024-02-26	872	often
2024-02-27	1716	sense
2024-02-28	1959	devil
2024-02-29	2125	image
2024-03-01	1282	forty
2024-03-02	1035	urban
2024-03-03	2031	state
2024-03-04	1778	flame
2024-03-05	1543	hunch
2024-03-06	1783	teary
2024-03-07	2060	clone
2024-03-08	1574	early
2024-03-09	1681	cheer
2024-03-10	2032	grasp
2024-03-11	1482	pesky
2024-03-12	1999	heave
2024-03-13	1076	local
2024-03-14	876	since
2024-03-15	602	erupt
2024-03-16	705	toxin
2024-03-17	1367	snort
2024-03-18	600	spelt
2024-03-19	1038	abide
2024-03-20	1293	lingo
2024-03-21	632	shade
2024-03-22	731	decay
2024-03-23	582	risen
2024-03-24	1387	towel
2024-03-25	1449	sally
2024-03-26	1151	mayor
2024-03-27	812	stung
2024-03-28	2214	speak
2024-03-29	1119	realm
2024-03-30	1594	force
2024-03-31	1956	taboo
2024-04-01	1116	frond
2024-04-02	1178	serum
2024-04-03	2194	plait
2024-04-04	1654	climb
2024-04-05	858	wrist
2024-04-06	1078	finch
2024-04-07	1747	voila
2024-04-08	1309	breed
2024-04-09	1360	merge
2024-04-10	2149	broth
2024-04-11	516	louse
2024-04-12	1507	whiny
2024-04-13	1067	steel
2024-04-14	1313	blimp
2024-04-15	565	equip
2024-04-16	1014	shank
2024-04-17	1473	tithe
2024-04-18	1558	facet
2024-04-19	1643	raise
2024-04-20	1771	lucid
2024-04-21	859	jolly
2024-04-22	2321	laser
2024-04-23	843	rover
2024-04-24	1150	overt
2024-04-25	2243	intro
2024-04-26	1097	vapid
2024-04-27	1985	gleam
2024-04-28	1723	prune
2024-04-29	1767	craft
2024-04-30	1270	prowl
2024-05-01	1125	diary
2024-05-02	1602	slice
2024-05-03	1741	ebony
2024-05-04	1397	value
2024-05-05	1419	decal
2024-05-06	2287	shave
2024-05-07	531	musty
2024-05-08	2325	pious
2024-05-09	1382	jerky
2024-05-10	1335	media
2024-05-11	1444	tidal
2024-05-12	931	outer
2024-05-13	1304	cumin
2024-05-14	1044	amass
2024-05-15	2223	pinch
2024-05-16	1915	stall
2024-05-17	1047	tutor
2024-05-18	1671	briny
2024-05-19	1112	hitch
2024-05-20	700	nicer
2024-05-21	998	dingo
2024-05-22	702	exalt
2024-05-23	1285	swish
2024-05-24	1153	glide
2024-05-25	1770	titan
2024-05-26	1288	bevel
2024-05-27	1937	skier
2024-05-28	1768	minus
2024-05-29	1928	papal
2024-05-30	2179	gummy
2024-05-31	568	chaos
2024-06-01	802	basin
2024-06-02	811	bravo
2024-06-03	1952	stark
2024-06-04	1110	groom
2024-06-05	2254	organ
2024-06-06	1161	ether
2024-06-07	1744	melon
2024-06-08	2222	hence
2024-06-09	804	crowd
2024-06-10	575	manga
2024-06-11	1466	swung
2024-06-12	551	deter
2024-06-13	1100	angst
2024-06-14	518	vault
2024-06-15	1691	proud
2024-06-16	585	grind
2024-06-17	1869	prior
2024-06-18	866	cover
2024-06-19	1463	terse
2024-06-20	1523	scent
2024-06-21	1560	paint
2024-06-22	780	edict
2024-06-23	1435	bugle
2024-06-24	873	dolly
2024-06-25	1791	savor
2024-06-26	2161	knead
2024-06-27	1596	order
2024-06-28	1162	drove
2024-06-29	823	zebra
2024-06-30	797	buddy
2024-07-01	1073	adage
2024-07-02	708	inlay
2024-07-03	1970	thigh
2024-07-04	1595	debut
2024-07-05	1988	crush
2024-07-06	1726	scoff
2024-07-07	1174	canon
2024-07-08	1188	shape
2024-07-09	1588	blare
2024-07-10	1081	gaunt
2024-07-11	1647	cameo
2024-07-12	607	jiffy
2024-07-13	1083	enact
2024-07-14	1884	video
2024-07-15	1029	swoon
2024-07-16	1746	decoy
2024-07-17	1310	quite
2024-07-18	1451	nerdy
2024-07-19	1655	refer
2024-07-20	734	shaft
2024-07-21	1086	speck
2024-07-22	1828	cadet
2024-07-23	1065	prong
2024-07-24	2189	forte
2024-07-25	997	porch
2024-07-26	1857	awash
2024-07-27	1923	juice
2024-07-28	1358	smock
2024-07-29	1347	super
2024-07-30	2255	feral
2024-07-31	1136	penne
2024-08-01	1437	chalk
2024-08-02	1872	flake
2024-08-03	1667	scale
2024-08-04	1102	lower
2024-08-05	878	ensue
2024-08-06	2146	anvil
2024-08-07	789	macaw
2024-08-08	1396	saucy
2024-08-09	1865	ounce
2024-08-10	1899	medic
2024-08-11	1393	scone
2024-08-12	1634	skiff
2024-08-13	1742	neigh
2024-08-14	2111	shore
2024-08-15	678	acorn
2024-08-16	2092	brace
2024-08-17	960	storm
2024-08-18	710	lanky
2024-08-19	2148	meter
2024-08-20	897	delay
2024-08-21	542	mulch
2024-08-22	1933	brute
2024-08-23	2054	leech
2024-08-24	970	filet
2024-08-25	1244	skate
2024-08-26	1223	stake
2024-08-27	1034	crown
2024-08-28	1712	lithe
2024-08-29	1721	flunk
2024-08-30	1225	knave
2024-08-31	791	spout
2024-09-01	1750	mushy
2024-09-02	1816	camel
2024-09-03	1369	faint
2024-09-04	1272	stern
2024-09-05	1600	widen
2024-09-06	1673	rerun
2024-09-07	1350	owner
2024-09-08	1678	drawn
2024-09-09	1242	debit
2024-09-10	1251	rebel
2024-09-11	1633	aisle
2024-09-12	930	brass
2024-09-13	1689	harsh
2024-09-14	1684	broad
2024-09-15	1357	recur
2024-09-16	592	honey
2024-09-17	2318	beaut
2024-09-18	2079	fully
2024-09-19	2210	press
2024-09-20	557	smoke
2024-09-21	1123	seven
2024-09-22	1886	teach
2024-09-23	1916	steam
2024-09-24	616	handy
2024-09-25	1478	torch
2024-09-26	749	thank
2024-09-27	2264	faith
2024-09-28	796	brain
2024-09-29	2172	rider
2024-09-30	2052	cloud
2024-10-01	1943	modem
2024-10-02	1020	shell
2024-10-03	945	wagon
2024-10-04	813	title
2024-10-05	1697	miner
2024-10-06	1407	lager
2024-10-07	1371	flour
2024-10-08	1510	joint
2024-10-09	2322	mommy
2024-10-10	586	carve
2024-10-11	564	gusty
2024-10-12	808	stain
2024-10-13	629	prone
2024-10-14	1465	gamut
2024-10-15	2011	corer
2024-10-16	1898	grant
2024-10-17	1068	halve
2024-10-18	1165	stint
2024-10-19	752	fiber
2024-10-20	1769	dicey
2024-10-21	1590	spoon
2024-10-22	1827	shout
2024-10-23	2167	goofy
2024-10-24	1708	bossy
2024-10-25	654	frown
2024-10-26	1866	wreak
2024-10-27	2036	sandy
2024-10-28	1402	bawdy
2024-10-29	706	tunic
2024-10-30	1395	easel
2024-10-31	1758	weird
2024-11-01	1495	sixth
2024-11-02	1090	snoop
2024-11-03	1325	blaze
2024-11-04	1070	vinyl
2024-11-05	581	octet
2024-11-06	1281	truly
2024-11-07	877	event
2024-11-08	1115	ready
2024-11-09	1408	swell
2024-11-10	983	inner
2024-11-11	1381	stoic
2024-11-12	746	flown
2024-11-13	2326	primp
2024-11-14	2352	uvula
2024-11-15	1618	tacky
2024-11-16	2205	visor
2024-11-17	1659	tally
2024-11-18	1860	frail
2024-11-19	2230	going
2024-11-20	1921	niche
2024-11-21	1826	spine
2024-11-22	995	pearl
2024-11-23	1098	jelly
2024-11-24	1891	twist
2024-11-25	2198	brown
2024-11-26	2143	witch
2024-11-27	1169	slang
2024-11-28	1882	chock
2024-11-29	1431	hippo
2024-11-30	1422	dogma
2024-12-01	2020	mauve
2024-12-02	563	guile
2024-12-03	1364	shaky
2024-12-04	1303	crypt
2024-12-05	2044	endow
2024-12-06	1232	shove
2024-12-07	1664	hilly
2024-12-08	1807	hyena
2024-12-09	2021	flung
2024-12-10	655	patio
2024-12-11	1797	plumb
2024-12-12	1428	vying
2024-12-13	1203	boxer
2024-12-14	1301	drool
2024-12-15	1793	funky
2024-12-16	1909	boast
2024-12-17	1859	scowl
2024-12-18	1503	hefty
2024-12-19	574	stray
2024-12-20	1572	flash
2024-12-21	2047	blade
2024-12-22	685	brawn
2024-12-23	1055	sauna
2024-12-24	645	eagle
2024-12-25	979	share
2024-12-26	2014	affix
2024-12-27	1982	grain
2024-12-28	2202	decry
2024-12-29	2000	mambo
2024-12-30	890	stare
2024-12-31	1289	lemur
2025-01-01	732	nerve
2025-01-02	610	chose
2025-01-03	1317	cheap
2025-01-04	865	relax
2025-01-05	1105	cyber
2025-01-06	1825	sprig
2025-01-07	2362	atlas
2025-01-08	1290	draft
2025-01-09	1854	wafer
2025-01-10	1639	crawl
2025-01-11	1798	dingy
2025-01-12	548	total
2025-01-13	1567	cloak
2025-01-14	993	fancy
2025-01-15	1593	knack
2025-01-16	861	flint
2025-01-17	748	prose
2025-01-18	996	silly
2025-01-19	2284	rower
2025-01-20	2353	squid
2025-01-21	742	icing
2025-01-22	1352	reach
2025-01-23	1413	upper
2025-01-24	1592	crepe
2025-01-25	1675	crisp
2025-01-26	669	sunny
2025-01-27	879	shunt
2025-01-28	1844	fever
2025-01-29	571	udder
2025-01-30	1320	false
2025-01-31	1394	toast
2025-02-01	555	rivet
2025-02-02	1195	chore
2025-02-03	1650	revue
2025-02-04	1160	tooth
2025-02-05	1440	pedal
2025-02-06	951	pupil
2025-02-07	1164	swath
2025-02-08	1221	steep
2025-02-09	1134	bonus
2025-02-10	653	goody
2025-02-11	821	score
2025-02-12	2163	rapid
2025-02-13	1550	rumba
2025-02-14	1295	ditty
2025-02-15	735	crook
2025-02-16	1464	suave
2025-02-17	1920	trail
2025-02-18	2366	indie
2025-02-19	2150	madly
2025-02-20	1111	roach
2025-02-21	1082	clove
2025-02-22	620	cream
2025-02-23	984	otter
2025-02-24	1965	gland
2025-02-25	1124	dryer
2025-02-26	650	award
2025-02-27	1142	lodge
2025-02-28	1624	fuzzy
2025-03-01	1365	hover
2025-03-02	1283	deity
2025-03-03	2131	spear
2025-03-04	928	check
2025-03-05	1812	scrum
2025-03-06	1538	alert
2025-03-07	1612	troop
2025-03-08	1568	navel
2025-03-09	1946	greed
2025-03-10	526	spite
2025-03-11	756	track
2025-03-12	1549	mango
2025-03-13	627	chase
2025-03-14	2238	piece
2025-03-15	1765	ladle
2025-03-16	675	stamp
2025-03-17	1516	lasso
2025-03-18	1176	timer
2025-03-19	1846	spark
2025-03-20	2037	baste
2025-03-21	947	nudge
2025-03-22	1000	amble
2025-03-23	2130	dopey
2025-03-24	624	angle
2025-03-25	1141	shelf
2025-03-26	1458	elbow
2025-03-27	991	sheet
2025-03-28	782	verse
2025-03-29	676	sorry
2025-03-30	938	quota
2025-03-31	1890	booty
2025-04-01	1452	jewel
2025-04-02	1690	curse
2025-04-03	1010	shear
2025-04-04	1804	krill
2025-04-05	1794	foamy
2025-04-06	1013	villa
2025-04-07	857	hazel
2025-04-08	1613	spare
2025-04-09	1929	wheat
2025-04-10	2212	turbo
2025-04-11	1749	arrow
2025-04-12	697	nurse
2025-04-13	903	laugh
2025-04-14	1103	crest
2025-04-15	1079	ashen
2025-04-16	1732	moral
2025-04-17	894	stood
2025-04-18	1298	dirge
2025-04-19	1980	inbox
2025-04-20	1625	patch
2025-04-21	2328	spate
2025-04-22	2285	artsy
2025-04-23	769	ozone
2025-04-24	837	genie
2025-04-25	2153	known
2025-04-26	1604	clash
2025-04-27	1576	weedy
2025-04-28	1475	dummy
2025-04-29	870	bliss
2025-04-30	1163	idler
2025-05-01	1191	adept
2025-05-02	2211	whose
2025-05-03	1280	patsy
2025-05-04	957	trout
2025-05-05	1533	shush
2025-05-06	1679	suite
2025-05-07	1632	macho
2025-05-08	1571	balmy
2025-05-09	1801	tripe
2025-05-10	1337	yeast
2025-05-11	637	dowel
2025-05-12	1802	bicep
2025-05-13	1173	aware
2025-05-14	833	bongo
2025-05-15	1753	eager
2025-05-16	2070	fifth
2025-05-17	1299	grown
2025-05-18	1951	livid
2025-05-19	949	pitch
2025-05-20	2005	borne
2025-05-21	1496	alarm
2025-05-22	2174	folio
2025-05-23	1302	shuck
2025-05-24	2351	suede
2025-05-25	2344	grift
2025-05-26	1906	drone
2025-05-27	778	sport
2025-05-28	1545	polar
2025-05-29	2177	quash
2025-05-30	1492	idiom
2025-05-31	1707	habit
2025-06-01	1762	rough
2025-06-02	1287	preen
2025-06-03	1628	admin
2025-06-04	1752	cease
2025-06-05	1138	datum
2025-06-06	660	edify
2025-06-07	1955	reuse
2025-06-08	1578	lease
2025-06-09	1897	board
2025-06-10	1777	taffy
2025-06-11	1474	plaid
2025-06-12	919	vixen
2025-06-13	898	bilge
2025-06-14	692	ghost
2025-06-15	2024	quail
2025-06-16	2192	petty
2025-06-17	1158	prank
2025-06-18	2099	munch
2025-06-19	1562	curio
2025-06-20	2329	taupe
2025-06-21	1524	glade
2025-06-22	2199	thrum
2025-06-23	1472	oddly
2025-06-24	658	elite
2025-06-25	1256	comfy
2025-06-26	1122	offer
2025-06-27	1669	plain
2025-06-28	1577	stump
2025-06-29	1579	witty
2025-06-30	724	blink
2025-07-01	753	moldy
2025-07-02	547	incur
2025-07-03	750	poppy
2025-07-04	2141	curve
2025-07-05	1851	baler
2025-07-06	2386	atria
2025-07-07	989	stilt
2025-07-08	1359	dread
2025-07-09	1379	novel
2025-07-10	1939	jumpy
2025-07-11	1796	brand
2025-07-12	687	exile
2025-07-13	740	gnome
2025-07-14	2242	undid
2025-07-15	1646	foist
2025-07-16	2324	nervy
2025-07-17	1080	modal
2025-07-18	2365	loris
2025-07-19	1547	sword
2025-07-20	1012	blank
2025-07-21	2331	tizzy
2025-07-22	915	burnt
2025-07-23	1626	water
2025-07-24	1509	quake
2025-07-25	2387	gofer
2025-07-26	1370	haunt
2025-07-27	1542	whole
2025-07-28	704	savvy
2025-07-29	1629	omega
2025-07-30	844	assay
2025-07-31	1856	frill
2025-08-01	2084	banjo
2025-08-02	2206	daunt
2025-08-03	1627	lumpy
2025-08-04	1319	rigid
2025-08-05	925	stork
2025-08-06	583	groan
2025-08-07	1145	coral
2025-08-08	1878	imbue
2025-08-09	2089	nasal
2025-08-10	596	minty
2025-08-11	1096	south
2025-08-12	1429	nomad
2025-08-13	2378	kefir
2025-08-14	2346	knell
2025-08-15	986	level
2025-08-16	2348	matte
2025-08-17	1640	lousy
2025-08-18	1406	issue
2025-08-19	1323	rowdy
2025-08-20	783	llama
2025-08-21	1488	extol
2025-08-22	2185	ratty
2025-08-23	2122	union
2025-08-24	980	spore
2025-08-25	2051	mirth
2025-08-26	1622	annex
2025-08-27	1842	tower
2025-08-28	1838	split
2025-08-29	2035	graft
2025-08-30	1540	elate
2025-08-31	1820	petal
2025-09-01	1260	least
2025-09-02	661	might
2025-09-03	1262	fetch
2025-09-04	1583	blend
2025-09-05	1861	drift
2025-09-06	1790	bulge
2025-09-07	1803	tenor
2025-09-08	2188	chirp
2025-09-09	1046	trick
2025-09-10	1821	pouty
2025-09-11	1372	chair
2025-09-12	1822	throb
2025-09-13	1254	nadir
2025-09-14	1537	noisy
2025-09-15	1236	along
2025-09-16	577	lefty
2025-09-17	1598	teeth
2025-09-18	1030	knife
2025-09-19	848	later
2025-09-20	1424	defer
2025-09-21	1911	coven
2025-09-22	1006	quill
2025-09-23	2232	mouth
2025-09-24	1183	blunt
2025-09-25	2069	drape
2025-09-26	809	dally
2025-09-27	779	fritz
2025-09-28	2090	gooey
2025-09-29	863	civil
2025-09-30	2049	geese
2025-10-01	630	spoil
2025-10-02	1840	width
2025-10-03	1998	spasm
2025-10-04	1037	relay
2025-10-05	1033	plane
2025-10-06	1026	amuse
2025-10-07	1924	nylon
2025-10-08	1292	annoy
2025-10-09	909	hardy
2025-10-10	2123	lever
2025-10-11	609	stack
2025-10-12	1973	wound
2025-10-13	1226	beard
2025-10-14	1905	forum
2025-10-15	1581	spoof
2025-10-16	2274	catty
2025-10-17	1944	gross
2025-10-18	939	haven
2025-10-19	899	ideal
2025-10-20	1862	limbo
2025-10-21	1373	detox
2025-10-22	1192	stunt
2025-10-23	1800	drill
2025-10-24	1009	tuber
2025-10-25	2138	gauge
2025-10-26	1925	plump
2025-10-27	795	fetid
2025-10-28	1418	holly
2025-10-29	1231	glare
2025-10-30	2009	lathe
2025-10-31	2045	abhor
2025-11-01	1864	motel
2025-11-02	747	rabid
2025-11-03	684	awoke
2025-11-04	1120	venue
2025-11-05	1208	short
2025-11-06	2061	guise
2025-11-07	2237	peril
2025-11-08	535	arise
2025-11-09	1457	fugue
2025-11-10	1631	tabby
2025-11-11	2343	gizmo
2025-11-12	2030	deuce
2025-11-13	2330	tinge
2025-11-14	1066	lurid
2025-11-15	725	clung
2025-11-16	1514	wield
2025-11-17	1792	clamp
2025-11-18	1693	opine
2025-11-19	1709	maker
2025-11-20	522	grave
2025-11-21	739	vowel
2025-11-22	1585	thick
2025-11-23	1187	bunny
2025-11-24	943	dough
2025-11-25	2096	plead
2025-11-26	787	hovel
2025-11-27	1257	remit
2025-11-28	2390	colic
2025-11-29	1258	gruff
2025-11-30	2323	muggy
2025-12-01	2231	leach
2025-12-02	1617	cacti
2025-12-03	1597	haste
2025-12-04	916	tulip
2025-12-05	1018	among
2025-12-06	1276	waist
2025-12-07	1430	flute
2025-12-08	1306	gravy
2025-12-09	1036	snide
2025-12-10	1497	erase
2025-12-11	1683	guess
2025-12-12	2074	truck
2025-12-13	2050	miser
2025-12-14	1692	swing
2025-12-15	1830	dodgy
2025-12-16	1345	segue
2025-12-17	1420	grass
2025-12-18	1237	rugby
2025-12-19	1839	myrrh
2025-12-20	1974	white
2025-12-21	1388	quilt
2025-12-22	1213	conch
2025-12-23	972	glint
2025-12-24	1619	spool
2025-12-25	1526	prism
2025-12-26	1355	speed
2025-12-27	2137	batch
2025-12-28	1672	abbot
2025-12-29	1989	fruit
2025-12-30	1489	decor
2025-12-31	647	siren
2026-01-01	1566	fable
2026-01-02	1817	proof
2026-01-03	2388	sitar
2026-01-04	1327	posse
2026-01-05	1552	filly
2026-01-06	2397	oomph
2026-01-07	2057	pecan
2026-01-08	573	blast
2026-01-09	874	eight
2026-01-10	1587	manic
2026-01-11	1377	quark
2026-01-12	1411	trial
2026-01-13	1696	gumbo
2026-01-14	1957	avoid
2026-01-15	1699	chasm
2026-01-16	1269	racer
2026-01-17	1334	fiery
2026-01-18	987	sumac
2026-01-19	1380	waxen
2026-01-20	2225	sully
2026-01-21	1642	cubic
2026-01-22	728	clink
2026-01-23	1843	baron
2026-01-24	775	cliff
2026-01-25	914	strut
2026-01-26	1016	freak
2026-01-27	1710	dusky
2026-01-28	1442	cruel
2026-01-29	2098	flaky
2026-01-30	1204	jumbo
2026-01-31	2073	allot
2026-02-01	743	spiny
2026-02-02	2398	cigar
2026-02-03	1763	weigh
2026-02-04	1739	chide
2026-02-05	1779	swoop
2026-02-06	944	gavel
2026-02-07	1443	bleat
2026-02-08	3035	embed
2026-02-09	1871	cello
2026-02-10	2152	scene
2026-02-11	2119	vegan
2026-02-12	1984	surge
2026-02-13	2396	mooch
2026-02-14	846	bloom
2026-02-15	1404	skull
2026-02-16	2155	roost
2026-02-17	4216	squad
2026-02-18	1261	mogul
2026-02-19	981	hoist
2026-02-20	619	stank
2026-02-21	2531	awake
2026-02-22	2184	guava
2026-02-23	2229	attic
2026-02-24	1069	buyer
2026-02-25	2327	shred
2026-02-26	644	lance
2026-02-27	1711	dizzy
2026-02-28	2359	hydra
2026-03-01	1196	fluke
2026-03-02	971	slime
2026-03-03	3493	linen
2026-03-04	2105	theft
2026-03-05	2017	sheep
2026-03-06	4616	gunky
2026-03-07	1733	vogue
2026-03-08	720	lobby
2026-03-09	2293	hasty
2026-03-10	924	shoal
2026-03-11	2224	teddy
2026-03-12	1072	smell
2026-03-13	784	eaten
2026-03-14	1748	ankle
2026-03-15	3257	grade
2026-03-16	1806	drama
2026-03-17	900	clasp
2026-03-18	770	amply
2026-03-19	788	rehab
2026-03-20	2377	oasis
2026-03-21	597	slick
2026-03-22	1811	basil
2026-03-23	2068	serif
2026-03-24	1008	brood
2026-03-25	2203	wiser
2026-03-26	2570	befit
2026-03-27	3406	ivory
2026-03-28	1197	afoot
2026-03-29	709	chump
2026-03-30	2824	comet
2026-03-31	1235	swamp
2026-04-01	1981	fizzy
2026-04-02	1425	sober
2026-04-03	603	singe
2026-04-04	3978	sandy
2026-04-05	1326	envoy
2026-04-06	950	sworn
2026-04-07	1200	dense
2026-04-08	2217	inlet
2026-04-09	656	laden
2026-04-10	2728	carom
2026-04-11	1512	prude
2026-04-12	884	alley
2026-04-13	1740	elfin
2026-04-14	714	cycle
2026-04-15	834	begun
2026-04-16	2363	cubit
2026-04-17	1986	belle
2026-04-18	2385	toady
2026-04-19	4230	stand
2026-04-20	4545	weave
2026-04-21	2234	clump
2026-04-22	2226	snore
2026-04-23	1275	tweet
2026-04-24	1064	drunk
2026-04-25	1907	women
2026-04-26	1961	gloss
2026-04-27	595	eerie
2026-04-28	1239	quack
2026-04-29	2286	rural
2026-04-30	667	crock
2026-05-01	544	plume
2026-05-02	2672	bring
2026-05-03	1551	puffy
2026-05-04	2270	riser
2026-05-05	1414	latch
2026-05-06	1960	liken
2026-05-07	751	budge
2026-05-08	1941	umbra
2026-05-09	1947	satin
2026-05-10	1949	parka
2026-05-11	2181	newly
2026-05-12	2805	clock
2026-05-13	754	dowdy
2026-05-14	1845	waver
2026-05-15	885	creed
2026-05-16	1423	mover
2026-05-17	1177	bylaw
2026-05-18	670	loath
2026-05-19	1448	dusty
2026-05-20	851	wreck
2026-05-21	2441	agree
2026-05-22	871	vocal
2026-05-23	1157	chuck
2026-05-24	614	niece
2026-05-25	663	visit
2026-05-26	638	couch
2026-05-27	2170	stuff
2026-05-28	2389	divot
2026-05-29	2164	clang
2026-05-30	4134	smile
2026-05-31	1976	etude
2026-06-01	1559	chili
2026-06-02	1635	basis
2026-06-03	1109	notch
2026-06-04	2015	alloy
2026-06-05	1353	nobly
2026-06-06	1616	morph
2026-06-07	4375	thumb
2026-06-08	1093	mafia
2026-06-09	4552	wharf
2026-06-10	1114	align
2026-06-11	2077	testy
2026-06-12	2664	break
2026-06-13	758	quell
2026-06-14	999	sepia
2026-06-15	1230	broil
2026-06-16	856	amaze
2026-06-17	1735	token
2026-06-18	1736	entry
2026-06-19	2354	emoji
2026-06-20	1467	drake
2026-06-21	2190	alibi
2026-06-22	1557	ovate
2026-06-23	2082	curry
2026-06-24	673	queer
2026-06-25	1609	unity
2026-06-26	2416	acute
2026-06-27	1653	scoop
2026-06-28	1094	emcee
2026-06-29	1665	crude
2026-06-30	1184	puppy
2026-07-01	937	demur
2026-07-02	2395	maven
2026-07-03	2559	baton
2026-07-04	1212	pizza
2026-07-05	1108	swami
2026-07-06	1910	toddy
2026-07-07	1967	sling
2026-07-08	1620	demon
2026-07-09	1137	amend
2026-07-10	1506	canal
2026-07-11	1945	avian
2026-07-12	1760	clack
2026-07-13	4269	stout
2026-07-14	1180	steak
2026-07-15	2372	pshaw
2026-07-16	1799	butte
2026-07-17	1719	legal
2026-07-18	1737	booth
2026-07-19	1575	churn
2026-07-20	880	diver
2026-07-21	2350	shill
2026-07-22	2124	lorry
2026-07-23	1529	orbit
2026-07-24	913	putty
2026-07-25	2357	aloha
2026-07-26	907	grape
2026-07-27	881	poser
2026-07-28	1841	sonar
2026-07-29	527	valve
2026-07-30	3148	flume
2026-07-31	665	purse
2026-08-01	1445	slush
2026-08-02	1185	penal
2026-08-03	628	reply
2026-08-04	1228	motif
2026-08-05	1011	posit
2026-08-06	3281	gripe
2026-08-07	3091	feign
2026-08-08	830	privy
2026-08-09	2371	clunk
2026-08-10	4898	snipe
2026-08-11	1863	fence
2026-08-12	1580	wimpy
2026-08-13	1043	crash
2026-08-14	5159	geode
2026-08-15	587	loose
2026-08-16	4958	aspic
2026-08-17	1751	tribe
2026-08-18	1766	strip
2026-08-19	1348	grill
2026-08-20	978	murky
2026-08-21	4413	trace
2026-08-22	1889	prawn
2026-08-23	1656	olden
2026-08-24	4778	runny
2026-08-25	2799	click
2026-08-26	5089	capon
2026-08-27	1764	uncut
2026-08-28	4815	tween
2026-08-29	1606	blood
2026-08-30	4835	intel
2026-08-31	558	mound
2026-09-01	4774	remix
2026-09-02	814	ruler
2026-09-03	1186	joist
2026-09-04	1238	wager
2026-09-05	4792	soupy
2026-09-06	4670	beige
2026-09-07	1477	blind
2026-09-08	4736	liven
2026-09-09	1361	burst
2026-09-10	1126	dryly
2026-09-11	5121	aster
2026-09-12	2349	nifty
2026-09-13	3156	focus
2026-09-14	2029	rinse
2026-09-15	1966	dealt
2026-09-16	1391	wispy
2026-09-17	1130	theta
2026-09-18	2228	snowy
2026-09-19	5231	waken
2026-09-20	1453	shone
2026-09-21	4763	pager
2026-09-22	1527	stoke
2026-09-23	3166	forth
2026-09-24	4741	messy
2026-09-25	1028	copse
2026-09-26	1498	elegy
2026-09-27	1848	sloop
2026-09-28	1336	trunk
2026-09-29	763	scuba
2026-09-30	829	river
2026-10-01	4848	ritzy
2026-10-02	4927	usury
2026-10-03	4872	peeve
2026-10-04	1421	shack
2026-10-05	550	mocha
2026-10-06	985	dimly
2026-10-07	3830	prove
